Workbook

Sheet List Data
A1: Sumber Pendanaan | B1: Barang | C1: Kategori Barang | D1: Jumlah Masuk | E1: Jumlah Keluar | F1: Kab/Kota Tujuan | G1: Tanggal Kadaluwarsa | H1: Tanggal barang diterima | I1: Tanggal barang dikeluarkan | J1: Nomor Dokumen | K1: Harga Satuan (Rp) | L1: Nilai Total (Rp)
A2: APBN | B2: Matras | C2: Sandang | D2: 600 | E2: 0 | F2: - | H2: 45658 | J2: BAST-2025-IN-0001 | K2: 120000 | L2: 72000000
A3: APBN | B3: Matras | C3: Sandang | D3: 800 | E3: 0 | F3: - | H3: 45661 | J3: BAST-2025-IN-0002 | K3: 120000 | L3: 96000000
A4: APBN | B4: Genset | C4: Logistik Lainnya | D4: 20 | E4: 0 | F4: - | H4: 45664 | J4: BAST-2025-IN-0003 | K4: 12500000 | L4: 250000000
A5: APBD | B5: Perahu Karet | C5: Logistik Lainnya | D5: 8 | E5: 0 | F5: - | H5: 45665 | J5: BAST-2025-IN-0004 | K5: 35000000 | L5: 280000000
A6: CSR | B6: Pakaian Anak | C6: Sandang | D6: 1600 | E6: 0 | F6: - | H6: 45669 | J6: BAST-2025-IN-0005 | K6: 75000 | L6: 120000000
A7: CSR | B7: Family Kit | C7: Logistik Lainnya | D7: 1050 | E7: 0 | F7: - | H7: 45677 | J7: BAST-2025-IN-0006 | K7: 350000 | L7: 367500000
A8: APBN | B8: Perahu Karet | C8: Logistik Lainnya | D8: 15 | E8: 0 | F8: - | H8: 45679 | J8: BAST-2025-IN-0007 | K8: 35000000 | L8: 525000000
A9: APBN | B9: Pakaian Dewasa | C9: Sandang | D9: 550 | E9: 0 | F9: - | H9: 45683 | J9: BAST-2025-IN-0008 | K9: 95000 | L9: 52250000
A10: APBD | B10: Tenda Pengungsi | C10: Papan | D10: 110 | E10: 0 | F10: - | H10: 45685 | J10: BAST-2025-IN-0009 | K10: 8500000 | L10: 935000000
A11: APBD | B11: Seng | C11: Papan | D11: 1950 | E11: 0 | F11: - | H11: 45688 | J11: BAST-2025-IN-0010 | K11: 90000 | L11: 175500000
A12: APBN | B12: Pakaian Dewasa | C12: Sandang | D12: 400 | E12: 0 | F12: - | H12: 45690 | J12: BAST-2025-IN-0011 | K12: 95000 | L12: 38000000
A13: APBD | B13: Air Mineral | C13: Pangan | D13: 1350 | E13: 0 | F13: - | G13: 46558 | H13: 45690 | J13: BAST-2025-IN-0012 | K13: 30000 | L13: 40500000
A14: APBN | B14: Terpal | C14: Papan | D14: 450 | E14: 0 | F14: - | H14: 45702 | J14: BAST-2025-IN-0013 | K14: 150000 | L14: 67500000
A15: APBD | B15: Seng | C15: Papan | D15: 700 | E15: 0 | F15: - | H15: 45704 | J15: BAST-2025-IN-0014 | K15: 90000 | L15: 63000000
A16: APBN | B16: Seng | C16: Papan | D16: 1850 | E16: 0 | F16: - | H16: 45706 | J16: BAST-2025-IN-0015 | K16: 90000 | L16: 166500000
A17: CSR | B17: Pakaian Dewasa | C17: Sandang | D17: 400 | E17: 0 | F17: - | H17: 45715 | J17: BAST-2025-IN-0016 | K17: 95000 | L17: 38000000
A18: CSR | B18: Selimut | C18: Sandang | D18: 350 | E18: 0 | F18: - | H18: 45717 | J18: BAST-2025-IN-0017 | K18: 85000 | L18: 29750000
A19: APBN | B19: Beras | C19: Pangan | D19: 7650 | E19: 0 | F19: - | G19: 46384 | H19: 45723 | J19: BAST-2025-IN-0018 | K19: 15000 | L19: 114750000
A20: APBN | B20: Beras | C20: Pangan | D20: 7200 | E20: 0 | F20: - | G20: 46411 | H20: 45723 | J20: BAST-2025-IN-0019 | K20: 15000 | L20: 108000000
A21: APBD | B21: Terpal | C21: Papan | D21: 1050 | E21: 0 | F21: - | H21: 45725 | J21: BAST-2025-IN-0020 | K21: 150000 | L21: 157500000
A22: APBN | B22: Makanan Siap Saji | C22: Pangan | D22: 2900 | E22: 0 | F22: - | G22: 46267 | H22: 45728 | J22: BAST-2025-IN-0021 | K22: 45000 | L22: 130500000
A23: APBD | B23: Matras | C23: Sandang | D23: 250 | E23: 0 | F23: - | H23: 45729 | J23: BAST-2025-IN-0022 | K23: 120000 | L23: 30000000
A24: CSR | B24: Perahu Karet | C24: Logistik Lainnya | D24: 18 | E24: 0 | F24: - | H24: 45731 | J24: BAST-2025-IN-0023 | K24: 35000000 | L24: 630000000
A25: APBN | B25: Lauk Pauk | C25: Pangan | D25: 0 | E25: 300 | F25: Kabupaten Bandung Barat | I25: 45733 | J25: SJ-2025-OUT-0001 | K25: 35000 | L25: 10500000
A26: CSR | B26: Beras | C26: Pangan | D26: 1900 | E26: 0 | F26: - | H26: 45738 | J26: BAST-2025-IN-0024 | K26: 15000 | L26: 28500000
A27: APBN | B27: Beras | C27: Pangan | D27: 2100 | E27: 0 | F27: - | G27: 46314 | H27: 45738 | J27: BAST-2025-IN-0025 | K27: 15000 | L27: 31500000
A28: APBD | B28: Pakaian Dewasa | C28: Sandang | D28: 1200 | E28: 0 | F28: - | H28: 45739 | J28: BAST-2025-IN-0026 | K28: 95000 | L28: 114000000
A29: CSR | B29: Sanitasi Kit | C29: Logistik Lainnya | D29: 150 | E29: 0 | F29: - | G29: 46468 | H29: 45745 | J29: BAST-2025-IN-0027 | K29: 250000 | L29: 37500000
A30: APBD | B30: Biskuit | C30: Pangan | D30: 1100 | E30: 0 | F30: - | H30: 45747 | J30: BAST-2025-IN-0028 | K30: 25000 | L30: 27500000
A31: APBD | B31: Susu Formula | C31: Pangan | D31: 600 | E31: 0 | F31: - | G31: 46177 | H31: 45751 | J31: BAST-2025-IN-0029 | K31: 65000 | L31: 39000000
A32: APBD | B32: Air Mineral | C32: Pangan | D32: 1050 | E32: 0 | F32: - | G32: 46442 | H32: 45752 | J32: BAST-2025-IN-0030 | K32: 30000 | L32: 31500000
A33: APBN | B33: Chainsaw | C33: Logistik Lainnya | D33: 18 | E33: 0 | F33: - | H33: 45753 | J33: BAST-2025-IN-0031 | K33: 4500000 | L33: 81000000
A34: APBD | B34: Matras | C34: Sandang | D34: 0 | E34: 375 | F34: Kabupaten Majalengka | I34: 45754 | J34: SJ-2025-OUT-0002 | K34: 120000 | L34: 45000000
A35: APBD | B35: Terpal | C35: Papan | D35: 0 | E35: 175 | F35: Kabupaten Garut | I35: 45755 | J35: SJ-2025-OUT-0003 | K35: 150000 | L35: 26250000
A36: CSR | B36: Biskuit | C36: Pangan | D36: 800 | E36: 0 | F36: - | H36: 45757 | J36: BAST-2025-IN-0032 | K36: 25000 | L36: 20000000
A37: APBN | B37: Susu Formula | C37: Pangan | D37: 850 | E37: 0 | F37: - | G37: 46188 | H37: 45761 | J37: BAST-2025-IN-0033 | K37: 65000 | L37: 55250000
A38: CSR | B38: Genset | C38: Logistik Lainnya | D38: 5 | E38: 0 | F38: - | H38: 45762 | J38: BAST-2025-IN-0034 | K38: 12500000 | L38: 62500000
A39: CSR | B39: Lauk Pauk | C39: Pangan | D39: 1200 | E39: 0 | F39: - | H39: 45762 | J39: BAST-2025-IN-0035 | K39: 35000 | L39: 42000000
A40: CSR | B40: Terpal | C40: Papan | D40: 0 | E40: 625 | F40: Kota Bogor | I40: 45762 | J40: SJ-2025-OUT-0004 | K40: 150000 | L40: 93750000
A41: APBN | B41: Biskuit | C41: Pangan | D41: 750 | E41: 0 | F41: - | H41: 45766 | J41: BAST-2025-IN-0036 | K41: 25000 | L41: 18750000
A42: CSR | B42: Pakaian Anak | C42: Sandang | D42: 700 | E42: 0 | F42: - | H42: 45770 | J42: BAST-2025-IN-0037 | K42: 75000 | L42: 52500000
A43: APBD | B43: Sanitasi Kit | C43: Logistik Lainnya | D43: 500 | E43: 0 | F43: - | H43: 45772 | J43: BAST-2025-IN-0038 | K43: 250000 | L43: 125000000
A44: APBN | B44: Biskuit | C44: Pangan | D44: 2350 | E44: 0 | F44: - | G44: 46162 | H44: 45772 | J44: BAST-2025-IN-0039 | K44: 25000 | L44: 58750000
A45: APBN | B45: Terpal | C45: Papan | D45: 650 | E45: 0 | F45: - | H45: 45772 | J45: BAST-2025-IN-0040 | K45: 150000 | L45: 97500000
A46: APBN | B46: Selimut | C46: Sandang | D46: 850 | E46: 0 | F46: - | H46: 45775 | J46: BAST-2025-IN-0041 | K46: 85000 | L46: 72250000
A47: APBN | B47: Biskuit | C47: Pangan | D47: 950 | E47: 0 | F47: - | H47: 45781 | J47: BAST-2025-IN-0042 | K47: 25000 | L47: 23750000
A48: CSR | B48: Terpal | C48: Papan | D48: 100 | E48: 0 | F48: - | H48: 45785 | J48: BAST-2025-IN-0043 | K48: 150000 | L48: 15000000
A49: APBN | B49: Sarung | C49: Sandang | D49: 800 | E49: 0 | F49: - | H49: 45786 | J49: BAST-2025-IN-0044 | K49: 60000 | L49: 48000000
A50: APBN | B50: Beras | C50: Pangan | D50: 0 | E50: 3350 | F50: Kabupaten Bekasi | I50: 45788 | J50: SJ-2025-OUT-0005 | K50: 15000 | L50: 50250000
A51: APBN | B51: Chainsaw | C51: Logistik Lainnya | D51: 7 | E51: 0 | F51: - | H51: 45789 | J51: BAST-2025-IN-0045 | K51: 4500000 | L51: 31500000
A52: CSR | B52: Tenda Keluarga | C52: Papan | D52: 0 | E52: 70 | F52: Kabupaten Sukabumi | I52: 45794 | J52: SJ-2025-OUT-0006 | K52: 3200000 | L52: 224000000
A53: APBD | B53: Family Kit | C53: Logistik Lainnya | D53: 1200 | E53: 0 | F53: - | H53: 45799 | J53: BAST-2025-IN-0046 | K53: 350000 | L53: 420000000
A54: APBN | B54: Terpal | C54: Papan | D54: 350 | E54: 0 | F54: - | H54: 45800 | J54: BAST-2025-IN-0047 | K54: 150000 | L54: 52500000
A55: APBN | B55: Lauk Pauk | C55: Pangan | D55: 3350 | E55: 0 | F55: - | H55: 45800 | J55: BAST-2025-IN-0048 | K55: 35000 | L55: 117250000
A56: CSR | B56: Pakaian Anak | C56: Sandang | D56: 0 | E56: 300 | F56: Kabupaten Subang | I56: 45800 | J56: SJ-2025-OUT-0007 | K56: 75000 | L56: 22500000
A57: APBN | B57: Tenda Pengungsi | C57: Papan | D57: 60 | E57: 0 | F57: - | H57: 45804 | J57: BAST-2025-IN-0049 | K57: 8500000 | L57: 510000000
A58: CSR | B58: Biskuit | C58: Pangan | D58: 0 | E58: 1075 | F58: Kabupaten Indramayu | I58: 45810 | J58: SJ-2025-OUT-0008 | K58: 25000 | L58: 26875000
A59: APBN | B59: Pakaian Dewasa | C59: Sandang | D59: 1600 | E59: 0 | F59: - | H59: 45814 | J59: BAST-2025-IN-0050 | K59: 95000 | L59: 152000000
A60: CSR | B60: Terpal | C60: Papan | D60: 400 | E60: 0 | F60: - | H60: 45814 | J60: BAST-2025-IN-0051 | K60: 150000 | L60: 60000000
A61: APBN | B61: Beras | C61: Pangan | D61: 14100 | E61: 0 | F61: - | H61: 45817 | J61: BAST-2025-IN-0052 | K61: 15000 | L61: 211500000
A62: CSR | B62: Selimut | C62: Sandang | D62: 0 | E62: 1050 | F62: Kabupaten Karawang | I62: 45818 | J62: SJ-2025-OUT-0009 | K62: 85000 | L62: 89250000
A63: APBD | B63: Selimut | C63: Sandang | D63: 550 | E63: 0 | F63: - | H63: 45819 | J63: BAST-2025-IN-0053 | K63: 85000 | L63: 46750000
A64: CSR | B64: Chainsaw | C64: Logistik Lainnya | D64: 0 | E64: 7 | F64: Kabupaten Bekasi | I64: 45820 | J64: SJ-2025-OUT-0010 | K64: 4500000 | L64: 31500000
A65: APBD | B65: Tenda Pengungsi | C65: Papan | D65: 0 | E65: 80 | F65: Kabupaten Karawang | I65: 45820 | J65: SJ-2025-OUT-0011 | K65: 8500000 | L65: 680000000
A66: CSR | B66: Terpal | C66: Papan | D66: 0 | E66: 300 | F66: Kabupaten Subang | I66: 45820 | J66: SJ-2025-OUT-0012 | K66: 150000 | L66: 45000000
A67: APBD | B67: Terpal | C67: Papan | D67: 600 | E67: 0 | F67: - | H67: 45821 | J67: BAST-2025-IN-0054 | K67: 150000 | L67: 90000000
A68: APBD | B68: Beras | C68: Pangan | D68: 13900 | E68: 0 | F68: - | H68: 45821 | J68: BAST-2025-IN-0055 | K68: 15000 | L68: 208500000
A69: APBD | B69: Matras | C69: Sandang | D69: 1100 | E69: 0 | F69: - | H69: 45823 | J69: BAST-2025-IN-0056 | K69: 120000 | L69: 132000000
A70: APBN | B70: Makanan Siap Saji | C70: Pangan | D70: 4250 | E70: 0 | F70: - | G70: 46274 | H70: 45824 | J70: BAST-2025-IN-0057 | K70: 45000 | L70: 191250000
A71: APBN | B71: Selimut | C71: Sandang | D71: 1550 | E71: 0 | F71: - | H71: 45825 | J71: BAST-2025-IN-0058 | K71: 85000 | L71: 131750000
A72: APBN | B72: Tenda Keluarga | C72: Papan | D72: 100 | E72: 0 | F72: - | H72: 45827 | J72: BAST-2025-IN-0059 | K72: 3200000 | L72: 320000000
A73: APBD | B73: Sarung | C73: Sandang | D73: 850 | E73: 0 | F73: - | H73: 45833 | J73: BAST-2025-IN-0060 | K73: 60000 | L73: 51000000
A74: APBD | B74: Tenda Pengungsi | C74: Papan | D74: 140 | E74: 0 | F74: - | H74: 45840 | J74: BAST-2025-IN-0061 | K74: 8500000 | L74: 1190000000
A75: APBD | B75: Makanan Siap Saji | C75: Pangan | D75: 0 | E75: 1825 | F75: Kabupaten Sukabumi | I75: 45847 | J75: SJ-2025-OUT-0013 | K75: 45000 | L75: 82125000
A76: APBD | B76: Chainsaw | C76: Logistik Lainnya | D76: 26 | E76: 0 | F76: - | H76: 45854 | J76: BAST-2025-IN-0062 | K76: 4500000 | L76: 117000000
A77: APBN | B77: Pakaian Dewasa | C77: Sandang | D77: 1250 | E77: 0 | F77: - | H77: 45861 | J77: BAST-2025-IN-0063 | K77: 95000 | L77: 118750000
A78: APBN | B78: Family Kit | C78: Logistik Lainnya | D78: 600 | E78: 0 | F78: - | H78: 45861 | J78: BAST-2025-IN-0064 | K78: 350000 | L78: 210000000
A79: APBN | B79: Pakaian Dewasa | C79: Sandang | D79: 1950 | E79: 0 | F79: - | H79: 45863 | J79: BAST-2025-IN-0065 | K79: 95000 | L79: 185250000
A80: APBN | B80: Susu Formula | C80: Pangan | D80: 0 | E80: 425 | F80: Kota Bandung | I80: 45865 | J80: SJ-2025-OUT-0014 | K80: 65000 | L80: 27625000
A81: APBD | B81: Air Mineral | C81: Pangan | D81: 4050 | E81: 0 | F81: - | G81: 46708 | H81: 45872 | J81: BAST-2025-IN-0066 | K81: 30000 | L81: 121500000
A82: APBD | B82: Family Kit | C82: Logistik Lainnya | D82: 0 | E82: 350 | F82: Kota Cimahi | I82: 45873 | J82: SJ-2025-OUT-0015 | K82: 350000 | L82: 122500000
A83: CSR | B83: Makanan Siap Saji | C83: Pangan | D83: 2550 | E83: 0 | F83: - | G83: 46474 | H83: 45874 | J83: BAST-2025-IN-0067 | K83: 45000 | L83: 114750000
A84: CSR | B84: Makanan Siap Saji | C84: Pangan | D84: 3450 | E84: 0 | F84: - | G84: 46377 | H84: 45874 | J84: BAST-2025-IN-0068 | K84: 45000 | L84: 155250000
A85: CSR | B85: Air Mineral | C85: Pangan | D85: 5900 | E85: 0 | F85: - | H85: 45875 | J85: BAST-2025-IN-0069 | K85: 30000 | L85: 177000000
A86: APBD | B86: Selimut | C86: Sandang | D86: 0 | E86: 900 | F86: Kabupaten Indramayu | I86: 45876 | J86: SJ-2025-OUT-0016 | K86: 85000 | L86: 76500000
A87: APBD | B87: Genset | C87: Logistik Lainnya | D87: 24 | E87: 0 | F87: - | H87: 45878 | J87: BAST-2025-IN-0070 | K87: 12500000 | L87: 300000000
A88: APBD | B88: Air Mineral | C88: Pangan | D88: 3750 | E88: 0 | F88: - | H88: 45881 | J88: BAST-2025-IN-0071 | K88: 30000 | L88: 112500000
A89: CSR | B89: Pakaian Anak | C89: Sandang | D89: 500 | E89: 0 | F89: - | H89: 45882 | J89: BAST-2025-IN-0072 | K89: 75000 | L89: 37500000
A90: APBD | B90: Tenda Keluarga | C90: Papan | D90: 190 | E90: 0 | F90: - | H90: 45882 | J90: BAST-2025-IN-0073 | K90: 3200000 | L90: 608000000
A91: APBN | B91: Sanitasi Kit | C91: Logistik Lainnya | D91: 700 | E91: 0 | F91: - | G91: 46494 | H91: 45883 | J91: BAST-2025-IN-0074 | K91: 250000 | L91: 175000000
A92: APBD | B92: Makanan Siap Saji | C92: Pangan | D92: 4000 | E92: 0 | F92: - | H92: 45883 | J92: BAST-2025-IN-0075 | K92: 45000 | L92: 180000000
A93: CSR | B93: Air Mineral | C93: Pangan | D93: 4300 | E93: 0 | F93: - | G93: 46786 | H93: 45886 | J93: BAST-2025-IN-0076 | K93: 30000 | L93: 129000000
A94: APBD | B94: Beras | C94: Pangan | D94: 11750 | E94: 0 | F94: - | G94: 46515 | H94: 45888 | J94: BAST-2025-IN-0077 | K94: 15000 | L94: 176250000
A95: APBN | B95: Susu Formula | C95: Pangan | D95: 700 | E95: 0 | F95: - | G95: 46176 | H95: 45891 | J95: BAST-2025-IN-0078 | K95: 65000 | L95: 45500000
A96: APBN | B96: Susu Formula | C96: Pangan | D96: 1050 | E96: 0 | F96: - | G96: 46398 | H96: 45892 | J96: BAST-2025-IN-0079 | K96: 65000 | L96: 68250000
A97: APBD | B97: Family Kit | C97: Logistik Lainnya | D97: 450 | E97: 0 | F97: - | H97: 45893 | J97: BAST-2025-IN-0080 | K97: 350000 | L97: 157500000
A98: APBD | B98: Perahu Karet | C98: Logistik Lainnya | D98: 14 | E98: 0 | F98: - | H98: 45896 | J98: BAST-2025-IN-0081 | K98: 35000000 | L98: 490000000
A99: APBN | B99: Pakaian Anak | C99: Sandang | D99: 1450 | E99: 0 | F99: - | H99: 45896 | J99: BAST-2025-IN-0082 | K99: 75000 | L99: 108750000
A100: APBN | B100: Pakaian Dewasa | C100: Sandang | D100: 1900 | E100: 0 | F100: - | H100: 45903 | J100: BAST-2025-IN-0083 | K100: 95000 | L100: 180500000
...

Sheet Penerimaan
A1: Sumber Pendanaan | B1: Barang | C1: Kategori Barang | D1: Jumlah Masuk | E1: Tanggal Kadaluwarsa | F1: Tanggal barang diterima | G1: Nomor Dokumen | H1: Harga Satuan (Rp) | I1: Nilai Total (Rp)
A2: APBN | B2: Matras | C2: Sandang | D2: 600 | F2: 45658 | G2: BAST-2025-IN-0001 | H2: 120000 | I2: 72000000
A3: APBN | B3: Matras | C3: Sandang | D3: 800 | F3: 45661 | G3: BAST-2025-IN-0002 | H3: 120000 | I3: 96000000
A4: APBN | B4: Genset | C4: Logistik Lainnya | D4: 20 | F4: 45664 | G4: BAST-2025-IN-0003 | H4: 12500000 | I4: 250000000
A5: APBD | B5: Perahu Karet | C5: Logistik Lainnya | D5: 8 | F5: 45665 | G5: BAST-2025-IN-0004 | H5: 35000000 | I5: 280000000
A6: CSR | B6: Pakaian Anak | C6: Sandang | D6: 1600 | F6: 45669 | G6: BAST-2025-IN-0005 | H6: 75000 | I6: 120000000
A7: CSR | B7: Family Kit | C7: Logistik Lainnya | D7: 1050 | F7: 45677 | G7: BAST-2025-IN-0006 | H7: 350000 | I7: 367500000
A8: APBN | B8: Perahu Karet | C8: Logistik Lainnya | D8: 15 | F8: 45679 | G8: BAST-2025-IN-0007 | H8: 35000000 | I8: 525000000
A9: APBN | B9: Pakaian Dewasa | C9: Sandang | D9: 550 | F9: 45683 | G9: BAST-2025-IN-0008 | H9: 95000 | I9: 52250000
A10: APBD | B10: Tenda Pengungsi | C10: Papan | D10: 110 | F10: 45685 | G10: BAST-2025-IN-0009 | H10: 8500000 | I10: 935000000
A11: APBD | B11: Seng | C11: Papan | D11: 1950 | F11: 45688 | G11: BAST-2025-IN-0010 | H11: 90000 | I11: 175500000
A12: APBN | B12: Pakaian Dewasa | C12: Sandang | D12: 400 | F12: 45690 | G12: BAST-2025-IN-0011 | H12: 95000 | I12: 38000000
A13: APBD | B13: Air Mineral | C13: Pangan | D13: 1350 | E13: 46558 | F13: 45690 | G13: BAST-2025-IN-0012 | H13: 30000 | I13: 40500000
A14: APBN | B14: Terpal | C14: Papan | D14: 450 | F14: 45702 | G14: BAST-2025-IN-0013 | H14: 150000 | I14: 67500000
A15: APBD | B15: Seng | C15: Papan | D15: 700 | F15: 45704 | G15: BAST-2025-IN-0014 | H15: 90000 | I15: 63000000
A16: APBN | B16: Seng | C16: Papan | D16: 1850 | F16: 45706 | G16: BAST-2025-IN-0015 | H16: 90000 | I16: 166500000
A17: CSR | B17: Pakaian Dewasa | C17: Sandang | D17: 400 | F17: 45715 | G17: BAST-2025-IN-0016 | H17: 95000 | I17: 38000000
A18: CSR | B18: Selimut | C18: Sandang | D18: 350 | F18: 45717 | G18: BAST-2025-IN-0017 | H18: 85000 | I18: 29750000
A19: APBN | B19: Beras | C19: Pangan | D19: 7650 | E19: 46384 | F19: 45723 | G19: BAST-2025-IN-0018 | H19: 15000 | I19: 114750000
A20: APBN | B20: Beras | C20: Pangan | D20: 7200 | E20: 46411 | F20: 45723 | G20: BAST-2025-IN-0019 | H20: 15000 | I20: 108000000
A21: APBD | B21: Terpal | C21: Papan | D21: 1050 | F21: 45725 | G21: BAST-2025-IN-0020 | H21: 150000 | I21: 157500000
A22: APBN | B22: Makanan Siap Saji | C22: Pangan | D22: 2900 | E22: 46267 | F22: 45728 | G22: BAST-2025-IN-0021 | H22: 45000 | I22: 130500000
A23: APBD | B23: Matras | C23: Sandang | D23: 250 | F23: 45729 | G23: BAST-2025-IN-0022 | H23: 120000 | I23: 30000000
A24: CSR | B24: Perahu Karet | C24: Logistik Lainnya | D24: 18 | F24: 45731 | G24: BAST-2025-IN-0023 | H24: 35000000 | I24: 630000000
A25: CSR | B25: Beras | C25: Pangan | D25: 1900 | F25: 45738 | G25: BAST-2025-IN-0024 | H25: 15000 | I25: 28500000
A26: APBN | B26: Beras | C26: Pangan | D26: 2100 | E26: 46314 | F26: 45738 | G26: BAST-2025-IN-0025 | H26: 15000 | I26: 31500000
A27: APBD | B27: Pakaian Dewasa | C27: Sandang | D27: 1200 | F27: 45739 | G27: BAST-2025-IN-0026 | H27: 95000 | I27: 114000000
A28: CSR | B28: Sanitasi Kit | C28: Logistik Lainnya | D28: 150 | E28: 46468 | F28: 45745 | G28: BAST-2025-IN-0027 | H28: 250000 | I28: 37500000
A29: APBD | B29: Biskuit | C29: Pangan | D29: 1100 | F29: 45747 | G29: BAST-2025-IN-0028 | H29: 25000 | I29: 27500000
A30: APBD | B30: Susu Formula | C30: Pangan | D30: 600 | E30: 46177 | F30: 45751 | G30: BAST-2025-IN-0029 | H30: 65000 | I30: 39000000
A31: APBD | B31: Air Mineral | C31: Pangan | D31: 1050 | E31: 46442 | F31: 45752 | G31: BAST-2025-IN-0030 | H31: 30000 | I31: 31500000
A32: APBN | B32: Chainsaw | C32: Logistik Lainnya | D32: 18 | F32: 45753 | G32: BAST-2025-IN-0031 | H32: 4500000 | I32: 81000000
A33: CSR | B33: Biskuit | C33: Pangan | D33: 800 | F33: 45757 | G33: BAST-2025-IN-0032 | H33: 25000 | I33: 20000000
A34: APBN | B34: Susu Formula | C34: Pangan | D34: 850 | E34: 46188 | F34: 45761 | G34: BAST-2025-IN-0033 | H34: 65000 | I34: 55250000
A35: CSR | B35: Genset | C35: Logistik Lainnya | D35: 5 | F35: 45762 | G35: BAST-2025-IN-0034 | H35: 12500000 | I35: 62500000
A36: CSR | B36: Lauk Pauk | C36: Pangan | D36: 1200 | F36: 45762 | G36: BAST-2025-IN-0035 | H36: 35000 | I36: 42000000
A37: APBN | B37: Biskuit | C37: Pangan | D37: 750 | F37: 45766 | G37: BAST-2025-IN-0036 | H37: 25000 | I37: 18750000
A38: CSR | B38: Pakaian Anak | C38: Sandang | D38: 700 | F38: 45770 | G38: BAST-2025-IN-0037 | H38: 75000 | I38: 52500000
A39: APBD | B39: Sanitasi Kit | C39: Logistik Lainnya | D39: 500 | F39: 45772 | G39: BAST-2025-IN-0038 | H39: 250000 | I39: 125000000
A40: APBN | B40: Biskuit | C40: Pangan | D40: 2350 | E40: 46162 | F40: 45772 | G40: BAST-2025-IN-0039 | H40: 25000 | I40: 58750000
A41: APBN | B41: Terpal | C41: Papan | D41: 650 | F41: 45772 | G41: BAST-2025-IN-0040 | H41: 150000 | I41: 97500000
A42: APBN | B42: Selimut | C42: Sandang | D42: 850 | F42: 45775 | G42: BAST-2025-IN-0041 | H42: 85000 | I42: 72250000
A43: APBN | B43: Biskuit | C43: Pangan | D43: 950 | F43: 45781 | G43: BAST-2025-IN-0042 | H43: 25000 | I43: 23750000
A44: CSR | B44: Terpal | C44: Papan | D44: 100 | F44: 45785 | G44: BAST-2025-IN-0043 | H44: 150000 | I44: 15000000
A45: APBN | B45: Sarung | C45: Sandang | D45: 800 | F45: 45786 | G45: BAST-2025-IN-0044 | H45: 60000 | I45: 48000000
A46: APBN | B46: Chainsaw | C46: Logistik Lainnya | D46: 7 | F46: 45789 | G46: BAST-2025-IN-0045 | H46: 4500000 | I46: 31500000
A47: APBD | B47: Family Kit | C47: Logistik Lainnya | D47: 1200 | F47: 45799 | G47: BAST-2025-IN-0046 | H47: 350000 | I47: 420000000
A48: APBN | B48: Terpal | C48: Papan | D48: 350 | F48: 45800 | G48: BAST-2025-IN-0047 | H48: 150000 | I48: 52500000
A49: APBN | B49: Lauk Pauk | C49: Pangan | D49: 3350 | F49: 45800 | G49: BAST-2025-IN-0048 | H49: 35000 | I49: 117250000
A50: APBN | B50: Tenda Pengungsi | C50: Papan | D50: 60 | F50: 45804 | G50: BAST-2025-IN-0049 | H50: 8500000 | I50: 510000000
A51: APBN | B51: Pakaian Dewasa | C51: Sandang | D51: 1600 | F51: 45814 | G51: BAST-2025-IN-0050 | H51: 95000 | I51: 152000000
A52: CSR | B52: Terpal | C52: Papan | D52: 400 | F52: 45814 | G52: BAST-2025-IN-0051 | H52: 150000 | I52: 60000000
... A57: APBD | B57: Matras | C57: Sandang | D57: 1100 | F57: 45823 | G57: BAST-2025-IN-0056 | H57: 120000 | I57: 132000000
A58: APBN | B58: Makanan Siap Saji | C58: Pangan | D58: 4250 | E58: 46274 | F58: 45824 | G58: BAST-2025-IN-0057 | H58: 45000 | I58: 191250000
A59: APBN | B59: Selimut | C59: Sandang | D59: 1550 | F59: 45825 | G59: BAST-2025-IN-0058 | H59: 85000 | I59: 131750000
A60: APBN | B60: Tenda Keluarga | C60: Papan | D60: 100 | F60: 45827 | G60: BAST-2025-IN-0059 | H60: 3200000 | I60: 320000000
A61: APBD | B61: Sarung | C61: Sandang | D61: 850 | F61: 45833 | G61: BAST-2025-IN-0060 | H61: 60000 | I61: 51000000
A62: APBD | B62: Tenda Pengungsi | C62: Papan | D62: 140 | F62: 45840 | G62: BAST-2025-IN-0061 | H62: 8500000 | I62: 1190000000
A63: APBD | B63: Chainsaw | C63: Logistik Lainnya | D63: 26 | F63: 45854 | G63: BAST-2025-IN-0062 | H63: 4500000 | I63: 117000000
A64: APBN | B64: Pakaian Dewasa | C64: Sandang | D64: 1250 | F64: 45861 | G64: BAST-2025-IN-0063 | H64: 95000 | I64: 118750000
A65: APBN | B65: Family Kit | C65: Logistik Lainnya | D65: 600 | F65: 45861 | G65: BAST-2025-IN-0064 | H65: 350000 | I65: 210000000
A66: APBN | B66: Pakaian Dewasa | C66: Sandang | D66: 1950 | F66: 45863 | G66: BAST-2025-IN-0065 | H66: 95000 | I66: 185250000
A67: APBD | B67: Air Mineral | C67: Pangan | D67: 4050 | E67: 46708 | F67: 45872 | G67: BAST-2025-IN-0066 | H67: 30000 | I67: 121500000
A68: CSR | B68: Makanan Siap Saji | C68: Pangan | D68: 2550 | E68: 46474 | F68: 45874 | G68: BAST-2025-IN-0067 | H68: 45000 | I68: 114750000
A69: CSR | B69: Makanan Siap Saji | C69: Pangan | D69: 3450 | E69: 46377 | F69: 45874 | G69: BAST-2025-IN-0068 | H69: 45000 | I69: 155250000
A70: CSR | B70: Air Mineral | C70: Pangan | D70: 5900 | F70: 45875 | G70: BAST-2025-IN-0069 | H70: 30000 | I70: 177000000
A71: APBD | B71: Genset | C71: Logistik Lainnya | D71: 24 | F71: 45878 | G71: BAST-2025-IN-0070 | H71: 12500000 | I71: 300000000
A72: APBD | B72: Air Mineral | C72: Pangan | D72: 3750 | F72: 45881 | G72: BAST-2025-IN-0071 | H72: 30000 | I72: 112500000
A73: CSR | B73: Pakaian Anak | C73: Sandang | D73: 500 | F73: 45882 | G73: BAST-2025-IN-0072 | H73: 75000 | I73: 37500000
A74: APBD | B74: Tenda Keluarga | C74: Papan | D74: 190 | F74: 45882 | G74: BAST-2025-IN-0073 | H74: 3200000 | I74: 608000000
A75: APBN | B75: Sanitasi Kit | C75: Logistik Lainnya | D75: 700 | E75: 46494 | F75: 45883 | G75: BAST-2025-IN-0074 | H75: 250000 | I75: 175000000
A76: APBD | B76: Makanan Siap Saji | C76: Pangan | D76: 4000 | F76: 45883 | G76: BAST-2025-IN-0075 | H76: 45000 | I76: 180000000
A77: CSR | B77: Air Mineral | C77: Pangan | D77: 4300 | E77: 46786 | F77: 45886 | G77: BAST-2025-IN-0076 | H77: 30000 | I77: 129000000
A78: APBD | B78: Beras | C78: Pangan | D78: 11750 | E78: 46515 | F78: 45888 | G78: BAST-2025-IN-0077 | H78: 15000 | I78: 176250000
A79: APBN | B79: Susu Formula | C79: Pangan | D79: 700 | E79: 46176 | F79: 45891 | G79: BAST-2025-IN-0078 | H79: 65000 | I79: 45500000
A80: APBN | B80: Susu Formula | C80: Pangan | D80: 1050 | E80: 46398 | F80: 45892 | G80: BAST-2025-IN-0079 | H80: 65000 | I80: 68250000
A81: APBD | B81: Family Kit | C81: Logistik Lainnya | D81: 450 | F81: 45893 | G81: BAST-2025-IN-0080 | H81: 350000 | I81: 157500000
A82: APBD | B82: Perahu Karet | C82: Logistik Lainnya | D82: 14 | F82: 45896 | G82: BAST-2025-IN-0081 | H82: 35000000 | I82: 490000000
A83: APBN | B83: Pakaian Anak | C83: Sandang | D83: 1450 | F83: 45896 | G83: BAST-2025-IN-0082 | H83: 75000 | I83: 108750000
A84: APBN | B84: Pakaian Dewasa | C84: Sandang | D84: 1900 | F84: 45903 | G84: BAST-2025-IN-0083 | H84: 95000 | I84: 180500000
A85: APBN | B85: Beras | C85: Pangan | D85: 14150 | F85: 45904 | G85: BAST-2025-IN-0084 | H85: 15000 | I85: 212250000
A86: CSR | B86: Seng | C86: Papan | D86: 300 | F86: 45908 | G86: BAST-2025-IN-0085 | H86: 90000 | I86: 27000000
A87: CSR | B87: Susu Formula | C87: Pangan | D87: 300 | E87: 46343 | F87: 45908 | G87: BAST-2025-IN-0086 | H87: 65000 | I87: 19500000
A88: APBD | B88: Sanitasi Kit | C88: Logistik Lainnya | D88: 1100 | E88: 46594 | F88: 45910 | G88: BAST-2025-IN-0087 | H88: 250000 | I88: 275000000
A89: APBN | B89: Perahu Karet | C89: Logistik Lainnya | D89: 16 | F89: 45911 | G89: BAST-2025-IN-0088 | H89: 35000000 | I89: 560000000
A90: APBD | B90: Susu Formula | C90: Pangan | D90: 650 | F90: 45915 | G90: BAST-2025-IN-0089 | H90: 65000 | I90: 42250000
A91: CSR | B91: Perahu Karet | C91: Logistik Lainnya | D91: 22 | F91: 45927 | G91: BAST-2025-IN-0090 | H91: 35000000 | I91: 770000000
A92: APBN | B92: Biskuit | C92: Pangan | D92: 2100 | E92: 46430 | F92: 45927 | G92: BAST-2025-IN-0091 | H92: 25000 | I92: 52500000
A93: APBD | B93: Air Mineral | C93: Pangan | D93: 4900 | E93: 46312 | F93: 45928 | G93: BAST-2025-IN-0092 | H93: 30000 | I93: 147000000
A94: APBN | B94: Makanan Siap Saji | C94: Pangan | D94: 1000 | E94: 46501 | F94: 45929 | G94: BAST-2025-IN-0093 | H94: 45000 | I94: 45000000
A95: APBD | B95: Matras | C95: Sandang | D95: 550 | F95: 45929 | G95: BAST-2025-IN-0094 | H95: 120000 | I95: 66000000
A96: APBD | B96: Tenda Keluarga | C96: Papan | D96: 210 | F96: 45931 | G96: BAST-2025-IN-0095 | H96: 3200000 | I96: 672000000
A97: CSR | B97: Selimut | C97: Sandang | D97: 1950 | F97: 45931 | G97: BAST-2025-IN-0096 | H97: 85000 | I97: 165750000
A98: CSR | B98: Tenda Keluarga | C98: Papan | D98: 140 | F98: 45932 | G98: BAST-2025-IN-0097 | H98: 3200000 | I98: 448000000
A99: APBN | B99: Tenda Pengungsi | C99: Papan | D99: 80 | F99: 45934 | G99: BAST-2025-IN-0098 | H99: 8500000 | I99: 680000000
A100: APBD | B100: Terpal | C100: Papan | D100: 550 | F100: 45939 | G100: BAST-2025-IN-0099 | H100: 150000 | I100: 82500000
A101: APBD | B101: Susu Formula | C101: Pangan | D101: 650 | E101: 46225 | F101: 45942 | G101: BAST-2025-IN-0100 | H101: 65000 | I101: 42250000
A102: APBD | B102: Beras | C102: Pangan | D102: 14750 | E102: 46319 | F102: 45942 | G102: BAST-2025-IN-0101 | H102: 15000 | I102: 221250000
A103: CSR | B103: Selimut | C103: Sandang | D103: 1000 | F103: 45942 | G103: BAST-2025-IN-0102 | H103: 85000 | I103: 85000000
A104: CSR | B104: Family Kit | C104: Logistik Lainnya | D104: 1450 | F104: 45954 | G104: BAST-2025-IN-0103 | H104: 350000 | I104: 507500000
...

Sheet Distribusi
A1: Sumber Pendanaan | B1: Barang | C1: Kategori Barang | D1: Jumlah Keluar | E1: Kab/Kota Tujuan | F1: Tanggal barang dikeluarkan | G1: Nomor Dokumen | H1: Harga Satuan (Rp) | I1: Nilai Total (Rp)
A2: APBN | B2: Lauk Pauk | C2: Pangan | D2: 300 | E2: Kabupaten Bandung Barat | F2: 45733 | G2: SJ-2025-OUT-0001 | H2: 35000 | I2: 10500000
A3: APBD | B3: Matras | C3: Sandang | D3: 375 | E3: Kabupaten Majalengka | F3: 45754 | G3: SJ-2025-OUT-0002 | H3: 120000 | I3: 45000000
A4: APBD | B4: Terpal | C4: Papan | D4: 175 | E4: Kabupaten Garut | F4: 45755 | G4: SJ-2025-OUT-0003 | H4: 150000 | I4: 26250000
A5: CSR | B5: Terpal | C5: Papan | D5: 625 | E5: Kota Bogor | F5: 45762 | G5: SJ-2025-OUT-0004 | H5: 150000 | I5: 93750000
A6: APBN | B6: Beras | C6: Pangan | D6: 3350 | E6: Kabupaten Bekasi | F6: 45788 | G6: SJ-2025-OUT-0005 | H6: 15000 | I6: 50250000
A7: CSR | B7: Tenda Keluarga | C7: Papan | D7: 70 | E7: Kabupaten Sukabumi | F7: 45794 | G7: SJ-2025-OUT-0006 | H7: 3200000 | I7: 224000000
A8: CSR | B8: Pakaian Anak | C8: Sandang | D8: 300 | E8: Kabupaten Subang | F8: 45800 | G8: SJ-2025-OUT-0007 | H8: 75000 | I8: 22500000
A9: CSR | B9: Biskuit | C9: Pangan | D9: 1075 | E9: Kabupaten Indramayu | F9: 45810 | G9: SJ-2025-OUT-0008 | H9: 25000 | I9: 26875000
A10: CSR | B10: Selimut | C10: Sandang | D10: 1050 | E10: Kabupaten Karawang | F10: 45818 | G10: SJ-2025-OUT-0009 | H10: 85000 | I10: 89250000
A11: CSR | B11: Chainsaw | C11: Logistik Lainnya | D11: 7 | E11: Kabupaten Bekasi | F11: 45820 | G11: SJ-2025-OUT-0010 | H11: 4500000 | I11: 31500000
A12: APBD | B12: Tenda Pengungsi | C12: Papan | D12: 80 | E12: Kabupaten Karawang | F12: 45820 | G12: SJ-2025-OUT-0011 | H12: 8500000 | I12: 680000000
A13: CSR | B13: Terpal | C13: Papan | D13: 300 | E13: Kabupaten Subang | F13: 45820 | G13: SJ-2025-OUT-0012 | H13: 150000 | I13: 45000000
... A51: APBD | B51: Chainsaw | C51: Logistik Lainnya | D51: 30 | E51: Kota Bekasi | F51: 46272 | G51: SJ-2026-OUT-0027 | H51: 4500000 | I51: 135000000
A52: TOTAL DISTRIBUSI | D52: =SUM(D2:D51) | I52: =SUM(I2:I51)

Sheet Stok Awal
A1: Kunci | B1: Sumber Pendanaan | C1: Barang | D1: Kategori Barang | E1: Stok Akhir Periode Sebelumnya | F1: Harga Satuan (Rp) | G1: Nilai Total (Rp)
A2: =B2&"|"&C2&"|"&D2 | B2: APBD | C2: Chainsaw | D2: Logistik Lainnya | E2: 10 | F2: 4500000 | G2: 45000000
A3: =B3&"|"&C3&"|"&D3 | B3: APBN | C3: Chainsaw | D3: Logistik Lainnya | E3: 10 | F3: 4500000 | G3: 45000000
A4: =B4&"|"&C4&"|"&D4 | B4: CSR | C4: Chainsaw | D4: Logistik Lainnya | E4: 10 | F4: 4500000 | G4: 45000000
A5: =B5&"|"&C5&"|"&D5 | B5: APBD | C5: Family Kit | D5: Logistik Lainnya | E5: 300 | F5: 350000 | G5: 105000000
A6: =B6&"|"&C6&"|"&D6 | B6: APBN | C6: Family Kit | D6: Logistik Lainnya | E6: 300 | F6: 350000 | G6: 105000000
A7: =B7&"|"&C7&"|"&D7 | B7: CSR | C7: Family Kit | D7: Logistik Lainnya | E7: 300 | F7: 350000 | G7: 105000000
A8: =B8&"|"&C8&"|"&D8 | B8: APBD | C8: Genset | D8: Logistik Lainnya | E8: 8 | F8: 12500000 | G8: 100000000
A9: =B9&"|"&C9&"|"&D9 | B9: APBN | C9: Genset | D9: Logistik Lainnya | E9: 8 | F9: 12500000 | G9: 100000000
A10: =B10&"|"&C10&"|"&D10 | B10: CSR | C10: Genset | D10: Logistik Lainnya | E10: 8 | F10: 12500000 | G10: 100000000
A11: =B11&"|"&C11&"|"&D11 | B11: APBD | C11: Perahu Karet | D11: Logistik Lainnya | E11: 5 | F11: 35000000 | G11: 175000000
A12: =B12&"|"&C12&"|"&D12 | B12: APBN | C12: Perahu Karet | D12: Logistik Lainnya | E12: 5 | F12: 35000000 | G12: 175000000
A13: =B13&"|"&C13&"|"&D13 | B13: CSR | C13: Perahu Karet | D13: Logistik Lainnya | E13: 5 | F13: 35000000 | G13: 175000000
... A61: =B61&"|"&C61&"|"&D61 | B61: CSR | C61: Selimut | D61: Sandang | E61: 400 | F61: 85000 | G61: 34000000
B62: TOTAL STOK AWAL | E62: =SUM(E2:E61) | G62: =SUM(G2:G61)

Sheet Stok
A1: Sumber Pendanaan | B1: Barang | C1: Kategori Barang | D1: Stok Fisik | E1: Harga Satuan (Rp) | F1: Nilai Total Stok (Rp)
A2: APBD | B2: Chainsaw | C2: Logistik Lainnya | D2: ='Stok Awal'!E2 + SUMIFS(Penerimaan!D:D, Penerimaan!A:A, A2, Penerimaan!B:B, B2, Penerimaan!C:C, C2) - SUMIFS(Distribusi!D:D, Distribusi!A:A, A2, Distribusi!B:B, B2, Distribusi!C:C, C2) | E2: 4500000 | F2: =D2*E2
A3: APBN | B3: Chainsaw | C3: Logistik Lainnya | D3: ='Stok Awal'!E3 + SUMIFS(Penerimaan!D:D, Penerimaan!A:A, A3, Penerimaan!B:B, B3, Penerimaan!C:C, C3) - SUMIFS(Distribusi!D:D, Distribusi!A:A, A3, Distribusi!B:B, B3, Distribusi!C:C, C3) | E3: 4500000 | F3: =D3*E3
A4: CSR | B4: Chainsaw | C4: Logistik Lainnya | D4: ='Stok Awal'!E4 + SUMIFS(Penerimaan!D:D, Penerimaan!A:A, A4, Penerimaan!B:B, B4, Penerimaan!C:C, C4) - SUMIFS(Distribusi!D:D, Distribusi!A:A, A4, Distribusi!B:B, B4, Distribusi!C:C, C4) | E4: 4500000 | F4: =D4*E4
A5: APBD | B5: Family Kit | C5: Logistik Lainnya | D5: ='Stok Awal'!E5 + SUMIFS(Penerimaan!D:D, Penerimaan!A:A, A5, Penerimaan!B:B, B5, Penerimaan!C:C, C5) - SUMIFS(Distribusi!D:D, Distribusi!A:A, A5, Distribusi!B:B, B5, Distribusi!C:C, C5) | E5: 350000 | F5: =D5*E5
A6: APBN | B6: Family Kit | C6: Logistik Lainnya | D6: ='Stok Awal'!E6 + SUMIFS(Penerimaan!D:D, Penerimaan!A:A, A6, Penerimaan!B:B, B6, Penerimaan!C:C, C6) - SUMIFS(Distribusi!D:D, Distribusi!A:A, A6, Distribusi!B:B, B6, Distribusi!C:C, C6) | E6: 350000 | F6: =D6*E6
A7: CSR | B7: Family Kit | C7: Logistik Lainnya | D7: ='Stok Awal'!E7 + SUMIFS(Penerimaan!D:D, Penerimaan!A:A, A7, Penerimaan!B:B, B7, Penerimaan!C:C, C7) - SUMIFS(Distribusi!D:D, Distribusi!A:A, A7, Distribusi!B:B, B7, Distribusi!C:C, C7) | E7: 350000 | F7: =D7*E7
A8: APBD | B8: Genset | C8: Logistik Lainnya | D8: ='Stok Awal'!E8 + SUMIFS(Penerimaan!D:D, Penerimaan!A:A, A8, Penerimaan!B:B, B8, Penerimaan!C:C, C8) - SUMIFS(Distribusi!D:D, Distribusi!A:A, A8, Distribusi!B:B, B8, Distribusi!C:C, C8) | E8: 12500000 | F8: =D8*E8
A9: APBN | B9: Genset | C9: Logistik Lainnya | D9: ='Stok Awal'!E9 + SUMIFS(Penerimaan!D:D, Penerimaan!A:A, A9, Penerimaan!B:B, B9, Penerimaan!C:C, C9) - SUMIFS(Distribusi!D:D, Distribusi!A:A, A9, Distribusi!B:B, B9, Distribusi!C:C, C9) | E9: 12500000 | F9: =D9*E9
A10: CSR | B10: Genset | C10: Logistik Lainnya | D10: ='Stok Awal'!E10 + SUMIFS(Penerimaan!D:D, Penerimaan!A:A, A10, Penerimaan!B:B, B10, Penerimaan!C:C, C10) - SUMIFS(Distribusi!D:D, Distribusi!A:A, A10, Distribusi!B:B, B10, Distribusi!C:C, C10) | E10: 12500000 | F10: =D10*E10
A11: APBD | B11: Perahu Karet | C11: Logistik Lainnya | D11: ='Stok Awal'!E11 + SUMIFS(Penerimaan!D:D, Penerimaan!A:A, A11, Penerimaan!B:B, B11, Penerimaan!C:C, C11) - SUMIFS(Distribusi!D:D, Distribusi!A:A, A11, Distribusi!B:B, B11, Distribusi!C:C, C11) | E11: 35000000 | F11: =D11*E11
A12: APBN | B12: Perahu Karet | C12: Logistik Lainnya | D12: ='Stok Awal'!E12 + SUMIFS(Penerimaan!D:D, Penerimaan!A:A, A12, Penerimaan!B:B, B12, Penerimaan!C:C, C12) - SUMIFS(Distribusi!D:D, Distribusi!A:A, A12, Distribusi!B:B, B12, Distribusi!C:C, C12) | E12: 35000000 | F12: =D12*E12
A13: CSR | B13: Perahu Karet | C13: Logistik Lainnya | D13: ='Stok Awal'!E13 + SUMIFS(Penerimaan!D:D, Penerimaan!A:A, A13, Penerimaan!B:B, B13, Penerimaan!C:C, C13) - SUMIFS(Distribusi!D:D, Distribusi!A:A, A13, Distribusi!B:B, B13, Distribusi!C:C, C13) | E13: 35000000 | F13: =D13*E13
... A61: CSR | B61: Selimut | C61: Sandang | D61: ='Stok Awal'!E61 + SUMIFS(Penerimaan!D:D, Penerimaan!A:A, A61, Penerimaan!B:B, B61, Penerimaan!C:C, C61) - SUMIFS(Distribusi!D:D, Distribusi!A:A, A61, Distribusi!B:B, B61, Distribusi!C:C, C61) | E61: 85000 | F61: =D61*E61
A62: TOTAL KESELURUHAN STOK | D62: =SUM(D2:D61) | F62: =SUM(F2:F61)

Sheet Kadaluwarsa
A1: Sumber Pendanaan | B1: Barang | C1: Kategori Barang | D1: Nomor Dokumen | E1: Tanggal Kadaluwarsa | F1: Status Kadaluwarsa | G1: Sisa Hari | H1: Harga Satuan (Rp)
A2: APBN | B2: Biskuit | C2: Pangan | D2: BAST-2025-IN-0039 | E2: 46162 | F2: -158 | H2: 25000
A3: APBN | B3: Susu Formula | C3: Pangan | D3: BAST-2025-IN-0078 | E3: 46176 | F3: -144 | H3: 65000
A4: APBD | B4: Susu Formula | C4: Pangan | D4: BAST-2025-IN-0029 | E4: 46177 | F4: -143 | H4: 65000
A5: APBN | B5: Susu Formula | C5: Pangan | D5: BAST-2025-IN-0033 | E5: 46188 | F5: -132 | H5: 65000
A6: APBD | B6: Susu Formula | C6: Pangan | D6: BAST-2025-IN-0100 | E6: 46225 | F6: -95 | H6: 65000
A7: CSR | B7: Susu Formula | C7: Pangan | D7: BAST-2026-IN-0070 | E7: 46237 | F7: -83 | H7: 65000
A8: APBN | B8: Makanan Siap Saji | C8: Pangan | D8: BAST-2025-IN-0021 | E8: 46267 | F8: -53 | H8: 45000
A9: APBD | B9: Susu Formula | C9: Pangan | D9: BAST-2026-IN-0028 | E9: 46270 | F9: -50 | H9: 65000
A10: APBN | B10: Makanan Siap Saji | C10: Pangan | D10: BAST-2025-IN-0057 | E10: 46274 | F10: -46 | H10: 45000
A11: APBN | B11: Susu Formula | C11: Pangan | D11: BAST-2025-IN-0114 | E11: 46306 | F11: -14 | H11: 65000
A12: APBD | B12: Air Mineral | C12: Pangan | D12: BAST-2025-IN-0092 | E12: 46312 | F12: -8 | H12: 30000
A13: APBN | B13: Susu Formula | C13: Pangan | D13: BAST-2026-IN-0045 | E13: 46313 | F13: -7 | H13: 65000
... A52: APBN | B52: Air Mineral | C52: Pangan | D52: BAST-2026-IN-0064 | E52: 47077 | F52: 757 | H52: 30000

Sheet Permohonan Daerah
A1: Nomor Surat Permohonan | B1: Tahun Anggaran | C1: Tanggal Permohonan | D1: Kab/Kota Pemohon | E1: Kategori Barang | F1: Barang | G1: Jumlah Diminta (Unit) | H1: Estimasi Harga Satuan (Rp) | I1: Estimasi Nilai Total (Rp)
A2: 360/001/BPBD-KAB/I/2025 | B2: 2025 | C2: 45677 | D2: Kabupaten Bandung | E2: Pangan | F2: Beras | G2: 760 | H2: 15000 | I2: 11400000
A3: 360/002/BPBD-KAB/I/2025 | B3: 2025 | C3: 45677 | D3: Kabupaten Bandung | E3: Sandang | F3: Selimut | G3: 760 | H3: 85000 | I3: 64600000
A4: 360/005/BPBD-KAB/I/2025 | B4: 2025 | C4: 45674 | D4: Kabupaten Bandung Barat | E4: Pangan | F4: Lauk Pauk | G4: 480 | H4: 35000 | I4: 16800000
A5: 360/006/BPBD-KAB/I/2025 | B5: 2025 | C5: 45680 | D5: Kabupaten Bekasi | E5: Pangan | F5: Beras | G5: 3940 | H5: 15000 | I5: 59100000
A6: 360/007/BPBD-KAB/I/2025 | B6: 2025 | C6: 45679 | D6: Kabupaten Bekasi | E6: Logistik Lainnya | F6: Chainsaw | G6: 10 | H6: 4500000 | I6: 45000000
A7: 360/009/BPBD-KAB/I/2025 | B7: 2025 | C7: 45679 | D7: Kabupaten Bogor | E7: Sandang | F7: Pakaian Anak | G7: 820 | H7: 75000 | I7: 61500000
A8: 360/012/BPBD-KAB/I/2025 | B8: 2025 | C8: 45681 | D8: Kabupaten Ciamis | E8: Pangan | F8: Beras | G8: 240 | H8: 15000 | I8: 3600000
A9: 360/013/BPBD-KAB/I/2025 | B9: 2025 | C9: 45673 | D9: Kabupaten Ciamis | E9: Sandang | F9: Selimut | G9: 240 | H9: 85000 | I9: 20400000
A10: 360/016/BPBD-KAB/I/2025 | B10: 2025 | C10: 45681 | D10: Kabupaten Cianjur | E10: Pangan | F10: Beras | G10: 750 | H10: 15000 | I10: 11250000
A11: 360/017/BPBD-KAB/I/2025 | B11: 2025 | C11: 45674 | D11: Kabupaten Cianjur | E11: Sandang | F11: Selimut | G11: 750 | H11: 85000 | I11: 63750000
A12: 360/020/BPBD-KAB/I/2025 | B12: 2025 | C12: 45674 | D12: Kabupaten Cirebon | E12: Pangan | F12: Susu Formula | G12: 1110 | H12: 65000 | I12: 72150000
A13: 360/022/BPBD-KAB/I/2025 | B13: 2025 | C13: 45673 | D13: Kabupaten Garut | E13: Papan | F13: Terpal | G13: 210 | H13: 150000 | I13: 31500000
... A89: 360/088/BPBD-KOTA/I/2026 | B89: 2026 | C89: 46044 | D89: Kota Tasikmalaya | E89: Logistik Lainnya | F89: Family Kit | G89: 330 | H89: 350000 | I89: 115500000
A90: TOTAL PERMOHONAN PENGUATAN | G90: =SUM(G2:G89) | I90: =SUM(I2:I89)

Sheet _RefData
A1: Sumber Pendanaan | B1: Kategori Barang | C1: Kab/Kota Jawa Barat | D1: Tahun Anggaran
A2: APBN | B2: Sandang | C2: - | D2: 2025
A3: APBD | B3: Pangan | C3: Kabupaten Bandung | D3: 2026
A4: CSR | B4: Papan | C4: Kabupaten Bandung Barat
B5: Logistik Lainnya | C5: Kabupaten Bekasi
C6: Kabupaten Bogor
C7: Kabupaten Ciamis
C8: Kabupaten Cianjur
C9: Kabupaten Cirebon
C10: Kabupaten Garut
C11: Kabupaten Indramayu
C12: Kabupaten Karawang
C13: Kabupaten Kuningan
C14: Kabupaten Majalengka
C15: Kabupaten Pangandaran
C16: Kabupaten Purwakarta
C17: Kabupaten Subang
... C29: Kota Tasikmalaya
